region_id,local_date,observed_intervals,mean_price_aud_per_mwh,median_price_aud_per_mwh,p05_price_aud_per_mwh,p95_price_aud_per_mwh,max_price_aud_per_mwh,price_stddev,negative_intervals
QLD1,2025-09-15,286,32.78139860139861,53.849999999999994,-27.51,107.81,148.8,47.160730747278954,114
QLD1,2025-09-20,286,48.79118881118881,73.75,-12.65,83.83,135.98,38.57940679503323,66
QLD1,2025-09-29,284,78.304014084507,92.345,-33.73,200.73850000000002,338.64,77.59547525250285,84
QLD1,2025-10-09,284,44.290915492957716,44.94,-11.28,124.83,283.32,54.149712253991154,101
QLD1,2025-10-18,285,40.49680701754377,58.13,-33.89,124.15000000000003,224.73,52.78284925445853,95
QLD1,2025-11-04,288,80.54611111111132,78.83,-10.01,234.71399999999994,417.99,72.38701912397221,72
QLD1,2025-11-06,288,58.27069444444443,64.95,-14.330499999999999,150.71249999999986,300.37,66.22207789107946,112
QLD1,2025-11-10,282,90.55166666666672,98.64,-0.01,176.5675,235.75,62.10924450430857,16
QLD1,2025-11-12,288,52.49628472222221,63.83,-22.73,155.4745,235.34,66.56436480759338,124
QLD1,2025-11-13,282,41.16978723404252,64.95,-31.8055,120.333,145.5,54.12769005934396,110
QLD1,2025-11-17,288,36.56770833333329,54.96,-25.0,106.78449999999997,247.3,49.06649129156201,116
QLD1,2025-11-24,288,61.85281249999996,84.03999999999999,-8.104,126.64549999999994,161.11,50.635204383833795,63
QLD1,2025-11-27,288,100.50093749999998,105.53,-10.9475,241.22,414.9,87.12305078815238,80
QLD1,2025-12-02,286,37.84146853146852,59.394999999999996,-34.01,125.62,143.94,62.03401006574071,138
QLD1,2025-12-20,282,66.09234042553193,90.19999999999999,-6.9784999999999995,141.54099999999994,234.43,56.0883117005319,66
QLD1,2025-12-25,288,38.03604166666657,54.96,-8.25,78.8195,80.39,36.03463397126033,83
QLD1,2026-01-03,281,47.2167259786477,63.83,-6.51,101.15,106.62,37.17978119212523,32
QLD1,2026-01-09,282,37.73152482269503,49.75,-10.01,97.73,132.79,41.92210447269554,101
QLD1,2026-01-14,288,58.571770833333375,62.57,13.99,91.57699999999994,127.75,24.446778460003323,0
QLD1,2026-01-25,288,72.02892361111115,76.75,0.03,156.665,240.73,51.08942897176317,9
QLD1,2026-02-10,288,127.96913194444434,121.65,62.73,231.85,348.73,50.9324760740939,0
QLD1,2026-02-16,285,45.55371929824558,53.73,0.0,93.95,119.83,29.517383047219717,9
QLD1,2026-02-22,288,47.650902777777766,67.89,-5.1865,94.73,97.73,39.274971265870995,82
QLD1,2026-03-07,288,76.95215277777794,76.83,63.407000000000004,93.7,129.59,10.084218119803332,0
QLD1,2026-03-30,27,23.18777777777778,5.71,-2.7239999999999998,69.234,75.83,27.405532062967158,8
QLD1,2026-04-05,284,41.00658450704226,57.61,-5.4115,72.75,151.52,35.95610850309752,77
QLD1,2026-04-06,288,49.107534722222226,71.83,-5.5,91.80850000000001,111.11,39.20423501205883,92
QLD1,2026-04-14,282,69.06315602836875,91.75,-2.9,118.8,231.7,43.325165908884806,23
QLD1,2026-04-16,288,63.78416666666669,75.25,-2.81,120.92799999999998,233.01,50.02673577559413,44
QLD1,2026-04-27,131,43.3593129770992,38.64,0.89,82.705,91.75,25.92578574901004,0
QLD1,2026-05-03,288,38.0706597222222,51.2,-2.45,64.83,73.48,25.950989368760958,53
QLD1,2026-05-06,288,85.12722222222214,87.21000000000001,51.583000000000006,118.25649999999997,164.82,22.50513160445746,0
QLD1,2026-05-18,288,176.39579861111102,163.63,111.8745,279.05399999999986,338.11,49.547572482872965,0
QLD1,2026-05-20,288,62.122986111111146,72.83,-4.09,117.73,190.0,47.169479231217394,68
QLD1,2026-05-30,288,54.63569444444434,72.75,-2.5,92.73,107.97,37.11412803121942,56
QLD1,2026-06-16,288,54.14170138888894,56.14,1.494000000000006,76.7,78.99,20.028796046283198,4
QLD1,2026-06-27,288,85.6959027777778,84.5,61.652,114.8485,130.5,17.664285862109626,0
QLD1,2026-07-10,282,85.41797872340427,84.5,56.7,118.65149999999998,151.02,18.73480179763615,0
QLD1,2026-07-22,288,73.25756944444441,67.83,48.36,105.48649999999999,114.88,17.570468447184624,0
QLD1,2026-07-25,288,40.67048611111115,54.075,-6.54,73.492,84.73,32.132154506598496,74
QLD1,2026-07-26,288,62.78465277777778,67.84,-3.58,127.93349999999997,175.11,49.35801073974713,49
QLD1,2026-07-31,288,82.6526388888889,87.13,8.587000000000007,141.50349999999995,294.39,46.815692125049004,0
QLD1,2026-08-06,288,107.04972222222214,101.75999999999999,48.3175,202.65849999999986,294.4,44.12231931492716,0
QLD1,2026-08-08,288,60.100451388888786,87.73,-6.0065,102.5395,105.49,44.853720343085165,75
QLD1,2026-08-10,284,68.9246126760563,68.84,-2.124999999999999,102.55,109.55,24.35761643451812,15
QLD1,2026-08-31,288,54.29684027777775,72.965,-2.349999999999998,99.89,116.51,38.11046244802426,18
QLD1,2026-09-03,282,46.72234042553194,54.75,-24.597999999999995,123.44,151.01,50.211513402907414,102
QLD1,2026-09-10,284,68.81415492957737,72.5,45.001,90.49,103.37,16.039001726994485,0
QLD1,2025-09-21,288,33.65513888888889,54.96,-28.24,83.45,98.73,44.96286758083631,114
QLD1,2025-09-30,282,41.50769503546092,73.725,-44.78499999999999,107.69249999999998,139.88,61.00300898292499,97
QLD1,2025-10-10,282,54.36117021276587,79.895,-11.58,125.4475,349.73,55.63952173704459,101
QLD1,2025-10-13,288,79.4162500000001,87.57,-11.01,181.63049999999987,270.36,64.27887016066747,72
QLD1,2025-10-26,283,54.87922261484094,60.86,-10.95,125.525,147.73,46.57822325265822,55
QLD1,2025-10-27,288,80.32329861111111,78.83,-11.2675,241.22,299.95,79.74878508231505,81
QLD1,2025-11-02,288,54.68635416666664,56.165,-25.0,229.6849999999994,357.82,74.70832753466873,116
QLD1,2025-11-09,288,99.59874999999991,84.95,4.4270000000000005,262.28449999999975,605.54,74.23412982167935,5
QLD1,2025-11-26,276,88.07184782608695,79.99,-10.01,270.3,320.48,81.69762345446334,45
QLD1,2025-11-28,282,88.49783687943254,123.1,-12.28,225.08999999999995,989.73,99.33557560859614,93
QLD1,2025-12-26,288,38.27631944444442,37.47,0.01,65.54799999999999,75.46,21.125115195166778,4
QLD1,2026-01-07,288,48.34128472222218,54.24,-7.51,128.166,211.64,48.96432603127209,56
QLD1,2026-01-13,288,60.83232638888886,63.83,16.398,84.50049999999999,119.73,20.916431633915185,0
QLD1,2026-01-16,285,105.2510877192983,96.83,47.88,234.54,265.62,53.965703513055146,6
QLD1,2026-01-17,288,75.05913194444457,76.75,35.184,119.99,153.89,26.724190760730686,0
QLD1,2026-01-22,288,69.7918402777778,71.03999999999999,-5.73,196.6639999999998,240.73,60.18471745975552,31
QLD1,2026-01-23,288,54.790868055555535,61.435,11.903,88.0,123.57,22.674592937282906,1
QLD1,2026-02-05,286,102.18947552447554,105.595,20.2,206.885,382.14,57.23162848177547,0
QLD1,2026-02-12,286,91.41318181818176,80.31,23.490000000000002,181.72,348.73,49.15096942909764,5
QLD1,2026-02-28,288,31.48975694444444,52.75,-22.73,63.573,73.83,32.10062820014121,74
QLD1,2026-03-11,288,46.845277777777746,56.115,-3.98,89.456,93.95,35.22910735150623,56
QLD1,2026-03-15,282,39.212056737588604,49.724999999999994,-9.73,85.8115,97.57,36.42554814236785,95
QLD1,2026-03-21,165,61.11963636363633,75.83,9.55,100.496,104.8,31.645684331950623,0
QLD1,2026-03-28,77,55.614285714285714,72.27,-25.5,77.73,84.73,35.777134917868345,14
QLD1,2026-04-10,288,61.93201388888888,70.75,0.0,104.0,117.73,28.763463262634392,13
QLD1,2026-04-15,288,76.18833333333329,71.83,8.223500000000001,140.22,177.81,43.6850509725263,0
QLD1,2026-04-19,93,17.868924731182798,-3.2,-6.9,92.542,92.99,38.08309159601494,63
QLD1,2026-04-20,99,43.452929292929305,26.63,0.6830000000000002,99.27299999999997,103.99,34.76203607421901,0
QLD1,2026-04-24,170,63.001411764705814,64.83,37.053000000000004,76.62749999999997,88.16,11.331307868331892,0
QLD1,2026-04-26,199,45.11226130653265,64.83,-3.0330000000000004,82.5,90.77,35.09272680750229,57
QLD1,2026-04-28,288,51.21138888888882,66.215,0.0,89.10049999999998,109.63,34.14985907956754,1
QLD1,2026-05-05,288,83.44510416666664,75.92,48.154,123.13199999999999,153.6,26.80342551678036,0
QLD1,2026-05-27,288,141.22781249999997,133.8,97.83,221.7215,231.71,36.43303069226023,0
QLD1,2026-06-06,288,63.483819444444435,73.91,0.01,110.7415,121.32,38.831384956424955,4
QLD1,2026-06-09,288,80.36017361111118,75.75,61.884,111.11,131.71,16.791454433245157,0
QLD1,2026-06-10,282,83.61702127659571,70.36000000000001,61.018,130.5,177.81,24.496733614787786,0
QLD1,2026-06-12,283,57.02261484098949,53.75,38.263999999999996,80.725,95.91,15.65800370699924,0
QLD1,2026-06-14,288,61.480798611111155,67.19,24.81,87.49049999999998,101.7,20.74012732974143,0
QLD1,2026-06-23,288,82.22916666666669,88.16499999999999,6.74,145.0245,182.78,45.89118358955237,1
QLD1,2026-07-06,288,69.73229166666661,69.435,39.75,102.589,107.69,21.73583937873722,0
QLD1,2026-07-09,288,87.96340277777779,84.5,43.36,135.09799999999996,155.02,29.348846327960047,0
QLD1,2026-07-29,288,57.296250000000015,67.23,-6.01,109.77,121.12,42.03772073280997,56
QLD1,2026-08-05,281,75.81049822064053,92.23,-6.01,150.18,212.1,59.14333160867019,74
QLD1,2026-08-16,288,43.535173611111134,54.75,-4.529499999999998,78.27949999999998,86.37,28.902504612689295,51
QLD1,2026-08-17,288,48.659618055555555,49.795,0.73,81.8365,89.13,23.67119751656023,0
QLD1,2026-08-24,288,52.00291666666665,54.73,12.3125,97.566,103.15,28.58160018737287,3
QLD1,2026-08-25,288,78.63749999999997,73.46000000000001,31.46,125.84349999999996,178.81,29.36934829791842,0
QLD1,2026-09-08,288,65.21618055555547,79.26499999999999,6.85,119.1565,163.57,36.371285997804165,0
QLD1,2025-09-18,286,44.90695804195804,65.58000000000001,-22.73,115.58500000000001,203.26,49.505505862242856,100
QLD1,2025-09-28,279,54.553082437275954,64.59,-59.730999999999995,164.688,224.73,76.07720169498037,90
QLD1,2025-10-03,288,28.923368055555542,44.94,-33.89,98.73,125.53,48.2111655763024,120
QLD1,2025-11-11,288,44.428194444444415,72.745,-20.645,123.75,145.73,56.05603168002701,125
QLD1,2025-11-14,288,74.73833333333343,89.83,-9.31,126.59749999999997,235.75,46.176468055529476,42
QLD1,2025-11-23,282,86.50106382978731,101.31,-16.639,220.2995,299.95,79.13073332350125,75
QLD1,2025-11-30,283,45.415123674911655,63.83,-25.0,128.39,157.95,57.42331616267889,112
QLD1,2025-12-11,279,57.15286738351251,75.73,0.0,94.83,116.12,34.68449212441562,12
QLD1,2025-12-27,288,11.742361111111114,0.0,-12.12,54.63,60.19,22.471894204703272,123
QLD1,2025-12-30,278,31.649892086330947,50.42,-20.2,97.80049999999997,120.0,41.72011049568933,117
QLD1,2026-01-01,288,34.857881944444436,54.73,-6.26,75.75,84.81,31.507584129327004,37
QLD1,2026-01-06,288,56.24833333333332,64.95,-4.633,128.2145,234.26,45.197130785593004,17
QLD1,2026-01-24,288,44.82402777777774,57.83,-9.4765,115.63749999999999,123.7,45.7153487372228,94
QLD1,2026-01-26,288,80.94052083333338,62.75,0.7135,240.68099999999998,341.22,71.48317105323429,0
QLD1,2026-01-29,288,49.57593750000002,57.84,-6.29,114.94049999999997,119.97,43.52330210593432,69
QLD1,2026-02-02,288,77.55513888888905,72.95,24.698,145.80049999999923,294.69,43.63965009480913,1
QLD1,2026-02-04,284,77.19771126760565,77.73,12.03,165.44849999999994,240.58,46.601095322477796,1
QLD1,2026-02-07,288,40.74048611111109,59.989999999999995,-10.01,86.1,103.7,38.87581181413631,99
QLD1,2026-02-15,287,54.37578397212535,55.31,24.408,79.97,97.73,16.78925249373181,0
QLD1,2026-03-23,44,22.629318181818185,8.495,-4.143,72.75,94.33,29.215312796679946,17
QLD1,2026-05-09,288,59.20538194444444,82.795,-2.77,102.185,111.85,42.947689861475105,66
QLD1,2026-06-13,282,46.61340425531921,48.0,-1.7179999999999997,85.4,97.73,30.290138936291452,17
QLD1,2026-06-15,288,60.4565972222222,67.08,25.9,84.85099999999998,91.73,18.26086838339153,0
QLD1,2026-07-07,288,74.47291666666666,83.58000000000001,11.77,110.33199999999998,139.77,34.063142223813145,1
QLD1,2026-07-08,288,83.04583333333323,84.5,29.81,128.91,142.35,29.886961285167676,0
QLD1,2026-07-13,269,46.18695167286245,53.75,-2.5,84.006,93.15,30.559428208291777,34
QLD1,2026-08-18,288,45.73187500000004,54.75,6.85,71.68,85.15,23.05453546511299,3
QLD1,2026-08-22,288,73.61798611111107,64.475,31.381,115.92949999999999,132.98,27.938974273302374,1
QLD1,2026-08-26,288,85.09020833333334,93.73,3.2135000000000047,123.44,139.5,33.74916913522031,8
QLD1,2026-08-28,288,59.15548611111106,82.705,-7.25,109.32149999999994,137.15,44.61292656204436,34
QLD1,2026-08-29,288,49.349722222222226,69.75,-6.0,92.91299999999998,104.83,38.66697566227911,41
QLD1,2026-08-30,288,45.323611111111056,62.705,-7.25,92.31049999999999,102.09,38.476696674219276,85
QLD1,2026-09-01,288,42.161388888888865,54.73,-3.22,79.73,87.73,31.459270617628903,38
QLD1,2026-09-02,288,45.19822916666669,59.135,-6.4,84.82499999999999,92.83,35.208160157210955,70
QLD1,2025-09-19,288,42.23395833333329,54.96,-15.01,98.73,128.73,43.77313420445922,100
QLD1,2025-10-02,288,37.079930555555485,54.76,-22.73,84.23299999999999,97.83,41.80930427077551,100
QLD1,2025-10-06,288,26.339340277777765,44.73,-33.89,97.83,108.83,47.74247720608033,123
QLD1,2025-10-07,288,50.265624999999915,65.83,-11.1,108.83,127.96,46.27820691239065,94
QLD1,2025-10-15,241,54.89763485477169,73.9,-11.1,123.75,124.83,51.048583260579406,79
QLD1,2025-10-24,288,69.81993055555552,99.035,-12.1625,155.81099999999998,249.1,67.86354668045826,96
QLD1,2025-11-15,281,58.323060498220634,79.99,-14.99,113.68,154.46,49.080507584957296,73
QLD1,2025-11-18,279,52.944480286738305,78.83,-14.99,123.732,305.45,59.876187118667524,105
QLD1,2025-12-03,287,46.909825783972124,64.75,-34.95,149.00599999999997,184.63,64.5678504452446,116
QLD1,2025-12-05,287,44.09331010452957,54.96,-14.73,129.202,234.43,53.96118637213054,123
QLD1,2025-12-06,287,54.87233449477351,74.05,-14.99,177.81,379.67,63.732312486123405,93
QLD1,2025-12-13,286,50.471608391608356,70.75,-9.88,104.8575,121.73,43.11459943946672,89
QLD1,2025-12-14,288,45.91513888888883,56.175,-10.01,122.7,141.73,46.810288072443576,87
QLD1,2025-12-18,288,57.53246527777773,78.375,-10.01,144.30399999999997,164.46,62.05607479187822,125
QLD1,2025-12-22,286,90.49185314685316,88.66499999999999,23.665,144.55,253.67,46.3806589451705,7
QLD1,2026-01-10,284,57.141936619718315,56.755,-6.51,163.77,234.43,57.47343712946753,65
QLD1,2026-01-21,288,41.24965277777775,60.03,-6.51,84.16449999999998,97.73,35.10956640791307,58
QLD1,2026-02-11,282,108.96301418439711,96.83,52.7825,232.9905,348.73,51.80732091595898,0
QLD1,2026-02-21,288,54.88013888888887,70.55000000000001,-4.78,108.12400000000001,113.04,42.56889566054643,59
QLD1,2026-03-02,288,43.923506944444455,53.54,-4.1765,88.1105,111.11,34.12938849264512,53
QLD1,2026-03-05,231,85.10796536796538,87.34,37.915,123.57,144.38,24.819031095477563,0
QLD1,2026-03-10,264,60.20109848484845,63.83,12.04,100.85,134.0,28.86071509313777,0
QLD1,2026-03-12,288,58.47468749999997,63.83,-2.0539999999999954,122.4,231.71,47.83470529289274,15
QLD1,2026-03-14,288,30.440416666666653,50.05,-6.35,62.39,72.75,28.754986448609593,87
QLD1,2026-03-16,288,70.85965277777774,70.155,20.2,120.46499999999999,135.51,34.18989592281277,4
QLD1,2026-03-18,228,113.27894736842103,107.73,78.043,179.19349999999994,231.7,28.63696263077719,0
QLD1,2026-03-20,252,72.06869047619048,77.53,25.1,102.977,109.84,23.804992212507187,0
QLD1,2026-03-29,52,14.602884615384614,-3.21,-6.819999999999999,64.235,72.05,29.718559037988005,35
QLD1,2026-04-17,288,57.68121527777774,64.6,2.1,94.73,103.99,28.49455491811431,0
QLD1,2026-04-23,35,56.52314285714286,62.52,33.455,65.78699999999999,68.66,11.255816723918752,0
QLD1,2026-04-25,288,41.73840277777775,61.39,0.0,71.7955,82.63,30.479309071510446,10
QLD1,2026-05-12,288,61.2876388888889,72.5,0.01,89.883,105.95,25.222564935492866,12
QLD1,2026-05-15,288,62.72815972222218,72.83,0.0,103.97,119.99,31.012290267812283,2
QLD1,2026-05-23,288,58.037569444444365,81.83,-2.2925,96.98599999999999,107.32,39.581672811600846,44
QLD1,2026-06-19,288,44.43197916666668,47.39,-2.8545,76.6,80.74,27.246652659590023,35
QLD1,2026-06-30,288,101.05357638888887,90.33,69.15899999999999,171.87449999999998,175.11,29.383894800856034,0
QLD1,2026-07-02,286,76.2169230769231,72.51,55.72,102.88,128.91,15.208985576980357,0
QLD1,2026-07-11,288,62.05489583333334,72.45,20.96,89.782,99.04,23.20687586662949,0
QLD1,2026-07-15,282,70.1129078014185,75.08,0.7,125.3985,129.83,39.245901598178484,1
QLD1,2026-07-20,288,62.52750000000006,61.73,24.81,94.51,106.06,23.2644980484094,0
QLD1,2026-08-20,288,48.06374999999998,55.9,-1.9364999999999992,81.333,91.02,28.86754533100277,28
QLD1,2026-09-07,288,56.9538194444444,67.39500000000001,-1.92,123.44,132.99,45.815140540796705,46
QLD1,2026-09-12,280,50.60889285714282,70.9,0.0,81.82,88.88,31.748042096931275,5
QLD1,2025-09-26,286,41.59884615384615,73.95,-29.7225,108.505,153.11,53.58358761743518,113
QLD1,2025-10-01,288,53.43916666666664,54.96,-11.0685,128.40099999999998,163.83,46.86078049511243,76
QLD1,2025-10-08,285,40.67547368421044,61.73,-15.01,90.39200000000002,127.75,41.700219388587485,103
QLD1,2025-10-11,288,39.87871527777778,54.73,-31.754,124.83,324.85,55.43894618634329,117
QLD1,2025-10-14,288,44.113263888888845,54.205,-11.53,123.65,141.93,48.2461347952389,107
QLD1,2025-10-17,274,39.68963503649634,54.53,-41.51,123.7105,147.73,58.699635997935786,106
QLD1,2025-10-20,284,56.56172535211267,64.95,-16.585,153.3524999999999,239.73,64.71531103677506,108
QLD1,2025-11-01,288,46.18572916666663,64.75,-15.01,122.57,155.0,45.768602041155354,83
QLD1,2025-11-05,288,39.215104166666656,63.83,-33.043,139.44899999999996,160.17,58.93984739630956,126
QLD1,2025-11-16,287,79.08041811846697,63.83,34.906,191.956,330.08,52.79681130660958,4
QLD1,2025-11-19,287,57.332264808362346,60.93,-15.01,146.44,524.73,71.32654381826444,107
QLD1,2025-11-20,282,44.72943262411347,64.00999999999999,-25.0,105.53,145.73,47.9267833258375,99
QLD1,2025-11-22,287,54.90592334494769,54.17,-10.774999999999999,144.224,221.24,52.069918972263594,58
QLD1,2026-01-04,288,54.82895833333331,64.75,0.0,89.452,112.59,31.083730319599635,9
QLD1,2026-02-25,288,71.42798611111112,68.12,35.3155,123.21649999999997,231.8,31.724708027284876,0
QLD1,2026-03-03,171,78.57017543859645,77.73,58.375,99.675,123.57,14.431170433689031,0
QLD1,2026-03-22,164,55.33603658536585,63.83,0.0,95.82,101.35,36.93344909063285,3
QLD1,2026-03-25,82,105.20390243902433,104.61,86.026,122.4,231.73,24.236680664831518,0
QLD1,2026-03-31,101,30.575346534653463,30.19,3.52,72.75,96.66,22.13889304540661,0
QLD1,2026-04-03,77,60.55363636363633,62.95,39.752,71.83,73.7,12.16116801775554,0
QLD1,2026-04-12,288,41.98531249999998,64.83,-15.9,87.74399999999997,102.75,41.63387643810572,100
QLD1,2026-04-18,249,49.44775100401604,74.36,-6.9,95.82,108.0,42.49207891884828,83
QLD1,2026-04-22,69,33.83826086956522,39.39,-2.4259999999999997,79.99,82.75,32.23840773374686,17
QLD1,2026-05-13,288,67.89395833333333,72.5,33.9655,101.83,119.39,22.96965798186423,0
QLD1,2026-05-21,288,65.36753472222205,85.9,-3.0,122.25999999999999,147.8,47.61110891573829,72
QLD1,2026-05-22,288,60.905416666666625,82.5,-2.65,114.3479999999999,133.71,44.615016123669385,76
QLD1,2026-05-24,288,82.94732638888897,78.94999999999999,40.03,123.35549999999998,136.54,25.65653451536109,0
QLD1,2026-05-25,288,94.93333333333337,88.175,70.3395,133.83,239.73,21.4339161079403,0
QLD1,2026-05-31,288,51.55076388888883,61.045,-0.1,97.38099999999996,114.02,34.80300911080066,22
QLD1,2026-06-07,288,75.12267361111101,81.09,25.0,111.11,124.6,26.683931913526028,0
QLD1,2026-06-22,288,73.20809027777781,84.5,-2.05,120.71799999999998,150.6,37.71125571777336,20
QLD1,2026-06-29,288,64.67347222222214,65.915,4.253000000000001,112.64149999999988,121.11,30.41866298972658,4
QLD1,2026-07-03,288,56.21697916666663,67.23,6.678000000000001,87.74,102.58,26.98438354142405,5
QLD1,2026-07-30,288,79.3223611111111,87.73,-2.91,166.7974999999999,231.51,61.929611847579196,60
QLD1,2026-08-03,275,66.78418181818175,60.96,39.75,110.07900000000001,116.39,23.92938720416682,0
QLD1,2026-08-09,288,56.11913194444445,61.73,13.263499999999999,81.307,84.18,21.80995299384439,1
QLD1,2026-08-15,288,56.42246527777776,74.955,-4.96,93.83,105.49,36.18666251907778,43
QLD1,2026-08-21,288,42.70805555555555,54.75,-5.824999999999999,80.96849999999999,90.0,32.00626061322,70
QLD1,2026-08-27,288,93.29250000000002,113.58500000000001,0.01,198.3759999999999,289.69,66.39491784746947,3
QLD1,2026-09-04,276,53.048913043478244,66.28999999999999,-6.43,128.755,256.86,53.5391333131194,86
QLD1,2026-09-06,288,41.92538194444437,55.14,-33.85,93.21,99.69,44.42967292210497,95
QLD1,2025-09-17,288,44.20663194444441,53.505,-18.1215,128.73,228.76,53.15353207118331,103
QLD1,2025-09-23,288,56.33399305555557,79.99,-27.5,140.87999999999994,164.05,59.22221272661182,100
QLD1,2025-09-24,282,52.685673758865235,76.83,-27.5,125.815,150.61,57.976178793749185,102
QLD1,2025-10-04,288,28.246388888888873,54.96,-33.89,82.73,98.73,48.13568709779205,120
QLD1,2025-10-05,288,22.242881944444456,54.53,-41.321,76.83,107.75,45.48627013191828,125
QLD1,2025-10-19,288,38.798472222222216,53.41,-27.167,123.73,161.16,53.16932802664318,114
QLD1,2025-10-21,288,59.932048611111085,75.62,-27.5,180.53649999999996,294.65,68.27422195565772,93
QLD1,2025-10-22,241,46.42995850622407,54.73,-33.89,125.48,245.94,58.42905112485548,77
QLD1,2025-10-28,279,114.64537634408612,95.89,64.95,184.14799999999937,443.83,47.99913919984881,0
QLD1,2025-10-31,288,90.82739583333348,78.83,0.0,200.0,351.95,62.20461388598458,6
QLD1,2025-11-07,282,47.8417730496454,64.75,-14.99,123.73,171.91,49.582490643538456,104
QLD1,2025-12-01,282,44.31067375886523,54.96,-18.005000000000003,127.06049999999999,145.73,52.726915333725714,109
QLD1,2025-12-04,288,53.07180555555553,75.75,-14.99,132.45850000000002,153.15,58.633478972871714,117
QLD1,2025-12-07,279,46.83100358422934,74.68,-11.544,99.52699999999984,127.21,45.44178758816463,98
QLD1,2025-12-10,282,73.96343971631207,87.015,0.0,142.7145,235.35,47.34365978519505,14
QLD1,2025-12-12,282,67.65361702127663,69.5,13.94,115.585,143.14,28.667385755699698,2
QLD1,2025-12-21,279,64.00071684587813,83.4,-7.281000000000001,157.98,235.5,61.280200409350364,89
QLD1,2025-12-31,286,42.435209790209754,56.959999999999994,-8.4825,91.845,119.0,37.18301730635827,80
QLD1,2026-01-02,288,51.42673611111111,54.73,26.63,75.6035,84.81,17.424150398937872,0
QLD1,2026-01-30,288,79.65385416666669,79.96,34.76,134.0,145.74,32.411141957552545,0
QLD1,2026-02-01,287,68.96609756097558,70.85,0.0,222.39999999999964,240.59,57.96586151475087,13
QLD1,2026-02-06,286,84.74433566433575,81.44,13.99,169.1125,232.0,50.78064112110587,11
QLD1,2026-02-17,254,48.36673228346453,54.385,-4.667,97.717,112.0,34.32919517967518,40
QLD1,2026-02-23,287,74.98278745644612,77.75,51.04,110.48899999999998,121.73,19.496515419029173,0
QLD1,2026-03-01,288,31.498819444444425,35.305,-4.712999999999999,62.729,71.68,25.350354369551603,45
QLD1,2026-03-04,205,82.27639024390245,79.97,50.068000000000005,104.32,121.73,17.937716216598528,0
QLD1,2026-03-08,288,76.09381944444452,76.75,62.7755,101.66249999999997,118.71,13.441771207308282,0
QLD1,2026-04-07,286,71.22216783216786,74.255,-5.6725,146.06,161.06,56.54896951000222,57
QLD1,2026-04-11,288,53.016041666666666,64.83,-6.2764999999999995,110.67249999999997,150.21,44.130274389186944,85
QLD1,2026-04-13,282,63.72971631205676,68.08,-2.9,122.01,392.88,55.27303981522976,57
QLD1,2026-04-21,115,54.31330434782605,64.83,-3.003,92.88,100.39,33.1832801461097,22
QLD1,2026-05-01,288,60.316388888888774,54.885000000000005,22.79,92.57,231.7,26.884745432305596,0
QLD1,2026-05-02,288,45.26333333333334,56.305,0.89,71.75,79.69,23.87508676540372,2
QLD1,2026-05-04,288,60.420729166666675,52.754999999999995,35.5805,92.73,99.84,21.091910092339113,0
QLD1,2026-05-08,288,43.02322916666666,54.254999999999995,-5.73,83.78599999999999,92.59,34.827751531289834,72
QLD1,2026-05-16,288,69.61156249999995,66.83,32.9645,111.0295,123.07,28.131448248263094,0
QLD1,2026-05-19,288,99.1773611111112,94.99,72.778,156.59,231.71,25.943357504221037,0
QLD1,2026-05-28,288,103.33291666666683,105.95,52.9775,132.83,171.84,29.07336354606986,7
QLD1,2026-05-29,288,75.57236111111114,82.5,39.672000000000004,105.82749999999999,109.88,23.977751811317802,1
QLD1,2026-06-03,288,62.15524305555558,72.5,-2.9,123.16049999999997,165.53,43.707221950558335,44
QLD1,2026-06-20,288,65.82968750000005,69.465,39.75,89.6755,90.38,18.455023393212223,0
QLD1,2026-06-21,282,78.01517730496455,76.6,48.259,110.28249999999998,123.57,18.990106479888393,0
QLD1,2026-06-24,288,99.21045138888894,93.83,29.249000000000006,188.83,233.01,49.90064606717279,0
QLD1,2026-06-25,288,90.46496527777771,89.545,28.83,166.512,171.5,36.530857380726985,0
QLD1,2026-06-28,288,66.84881944444443,67.75,41.10850000000001,100.65799999999999,108.73,16.17576822821579,0
QLD1,2026-07-01,288,80.3429861111111,76.64,55.94,104.379,110.58,13.951695689446435,0
QLD1,2026-07-16,288,68.1811805555556,83.13,-5.03,125.88599999999992,175.11,42.862715425020475,42
QLD1,2026-07-21,288,76.2603472222222,72.5,43.36,106.1495,132.83,21.236430795569028,0
QLD1,2026-08-04,288,66.29177083333335,75.08500000000001,-6.01,128.34249999999994,141.9,48.98489531920625,46
QLD1,2026-08-07,288,72.58697916666665,95.03,-2.5,119.74849999999998,140.34,45.881961478760424,31
QLD1,2026-08-13,288,53.67090277777772,64.32,-11.3,107.73,112.71,45.063497229113565,79
QLD1,2026-09-11,288,61.27371527777771,62.47,14.08,99.69,112.69,26.716339473761504,0
QLD1,2025-09-14,288,37.46496527777774,66.78,-36.6895,103.77499999999998,111.74,53.030463015494085,114
QLD1,2025-09-25,281,42.72790035587188,73.75,-33.89,111.07,144.67,57.022160481543956,112
QLD1,2025-10-12,287,60.74358885017418,75.75,-13.255,124.53,162.46,47.260574614620666,68
QLD1,2025-10-25,288,96.91673611111099,98.965,0.715000000000001,224.73,243.25,63.51379179654454,5
QLD1,2025-10-29,279,76.96501792114688,89.83,-11.067,201.33799999999994,321.25,74.02735835873894,91
QLD1,2025-11-03,288,93.31982638888888,84.405,-10.01,275.62,553.44,82.36288519267359,55
QLD1,2025-11-21,288,31.988124999999926,41.209999999999994,-14.99,87.13749999999999,98.81,36.8389209368289,99
QLD1,2025-11-25,284,67.09947183098593,54.53,-17.184,200.37299999999954,239.73,76.39168269242532,91
QLD1,2025-11-29,284,86.56753521126753,76.78,13.94,145.08649999999997,177.81,40.46542090470874,6
QLD1,2025-12-09,288,67.67496527777776,87.875,-7.01,143.94,235.5,53.3154912733721,53
QLD1,2025-12-15,288,96.74854166666672,91.325,26.65,208.3524999999997,250.01,53.30642481301373,2
QLD1,2025-12-19,270,60.29774074074072,75.75,-10.01,136.83,157.11,58.05967742481459,99
QLD1,2025-12-28,282,17.186241134751775,0.68,-14.73,55.70099999999999,71.9,27.748995305791915,131
QLD1,2026-01-05,288,54.77861111111106,64.95,-6.26,85.64849999999997,98.71,30.693230503898285,27
QLD1,2026-01-08,287,50.640940766550514,63.54,-6.274,117.04699999999997,138.18,41.05278209732305,48
QLD1,2026-01-11,288,58.48493055555554,55.975,35.73,78.83,98.71,13.844328085323118,0
QLD1,2026-01-18,286,46.51562937062936,63.75,-6.115,77.73,78.83,29.91941873785128,38
QLD1,2026-01-19,286,43.370839160839175,53.85,0.0,71.9,79.97,26.100699599350392,12
QLD1,2026-02-03,286,58.58230769230768,64.31,-5.195,97.73,119.18,33.4311992005857,20
QLD1,2026-02-08,288,53.1411458333333,70.83,-4.77,103.65,119.8,41.39310527505838,77
QLD1,2026-02-09,283,87.26049469964669,89.94,38.162000000000006,136.70499999999996,240.59,30.99925708278509,1
QLD1,2026-02-14,288,47.9076736111111,54.730000000000004,16.16350000000001,63.59,96.83,15.94511379585969,0
QLD1,2026-02-19,288,83.29413194444442,83.11500000000001,36.73,145.88449999999997,231.8,35.75453189918465,0
QLD1,2026-02-24,288,83.88465277777783,85.18,51.04,111.93749999999999,132.89,22.102051781112827,0
QLD1,2026-02-27,288,50.9803125,57.96,12.01,85.7584999999999,106.05,22.755438610597636,0
QLD1,2026-03-13,282,64.90212765957452,66.565,37.321,102.40349999999992,107.75,19.526002351057198,0
QLD1,2026-03-19,288,118.49548611111102,111.67,90.112,150.5,179.89,21.70361808450702,0
QLD1,2026-03-24,60,72.95333333333332,95.85499999999999,11.240000000000002,129.2265,141.18,46.35687286931919,0
QLD1,2026-03-26,154,98.65967532467528,97.27,50.2535,140.90549999999996,231.7,30.05942275972432,0
QLD1,2026-04-04,191,52.35413612565442,62.09,-2.605,67.925,74.38,20.450873230176697,13
QLD1,2026-04-08,288,79.90381944444445,98.055,-2.5,153.86899999999997,231.7,54.158296064721846,17
QLD1,2026-04-09,288,66.20024305555556,76.025,0.89,117.73,177.81,36.498307736787716,2
QLD1,2026-05-07,288,61.99079861111105,64.65,0.7860000000000003,117.73,231.7,39.36386899617886,0
QLD1,2026-05-10,288,71.40083333333322,81.83,21.9835,104.16849999999998,109.88,28.008832572660598,0
QLD1,2026-06-01,288,84.7390625000001,68.71,11.29,190.195,231.73,59.12641383225234,0
QLD1,2026-06-05,288,46.201736111111096,52.760000000000005,-2.8545,85.73,97.96,33.435318866138594,33
QLD1,2026-06-08,288,68.69170138888884,73.3,24.87,101.69449999999998,111.11,22.90874640908645,0
QLD1,2026-06-11,288,83.3811458333334,82.185,67.032,111.11,129.48,14.06186812430692,0
QLD1,2026-06-18,288,62.07145833333326,62.44499999999999,42.75,80.743,90.37,12.379835697659392,0
QLD1,2026-06-26,288,115.41763888888893,96.75,68.99,175.35549999999998,223.09,38.26146216215823,0
QLD1,2026-07-18,288,58.264027777777784,77.91,-3.73,103.33,155.82,41.26003574585494,56
QLD1,2026-07-27,286,91.02482517482515,87.995,39.82,158.77749999999997,294.25,40.096124943178076,0
QLD1,2026-08-11,288,52.50416666666667,61.405,-8.48,113.01449999999987,291.39,45.22962476353304,71
QLD1,2026-08-12,288,76.24013888888885,78.73,24.81,108.0904999999999,294.39,32.61413228925015,0
QLD1,2026-08-23,288,50.76809027777775,64.93,-8.51,110.785,129.4,45.37085901098445,94
QLD1,2026-09-05,288,36.78343750000001,55.53,-8.88,70.3455,73.64,33.93455914702647,103
QLD1,2026-09-09,288,57.03798611111111,63.73,2.0175,105.48,112.08,35.64494034688712,0
QLD1,2025-09-16,288,39.91690972222221,54.76,-15.01,100.59749999999994,166.22,43.47861464070793,102
QLD1,2025-09-22,286,48.923671328671325,54.96,-14.33,131.715,163.73,53.35559587659498,105
QLD1,2025-09-27,287,34.02689895470379,54.76,-22.73,83.234,117.08,41.27891207831889,107
QLD1,2025-10-16,288,39.87302083333328,63.83,-22.3975,123.73,224.73,50.845706993747356,117
QLD1,2025-10-23,279,87.17376344086027,98.81,-10.51,184.98699999999985,257.44,65.5421031757747,48
QLD1,2025-10-30,276,68.40434782608689,84.75,-11.0,200.0,239.73,63.88284935697509,71
QLD1,2025-11-08,286,33.858286713286745,54.96,-38.379999999999995,103.99,122.57,52.14195651184209,114
QLD1,2025-12-08,287,47.83714285714281,56.22,-8.014,111.96499999999999,142.73,44.13271506348847,80
QLD1,2025-12-16,281,74.12672597864767,75.48,54.53,96.15,144.55,15.16227254911802,0
QLD1,2025-12-17,288,59.274652777777725,64.75,7.784000000000002,103.89,127.75,30.067606332627825,0
QLD1,2025-12-23,288,101.15736111111103,99.035,35.73,144.5,348.73,39.93603265407538,0
QLD1,2025-12-24,288,79.59350694444441,78.83,36.348000000000006,127.73199999999996,177.81,27.976125520873566,0
QLD1,2025-12-29,288,21.977534722222217,31.85,-13.75,75.12899999999999,87.82,32.393232808252215,131
QLD1,2026-01-12,280,42.25753571428574,41.47,0.00950000000000001,73.7,127.75,22.662985224467644,3
QLD1,2026-01-15,283,244.36512367491162,64.83,36.162,299.5,19727.85,1416.8558162943168,0
QLD1,2026-01-20,288,47.19947916666667,62.95,0.0035000000000000144,79.99,96.83,29.567445688128014,10
QLD1,2026-01-27,288,72.61628472222223,64.1,42.1785,112.73049999999998,257.18,26.09445103347412,0
QLD1,2026-01-28,287,71.13686411149833,74.5,9.955,142.157,240.73,45.073340188420886,0
QLD1,2026-01-31,288,75.70114583333343,72.92,26.42650000000001,127.02099999999997,148.21,33.680873473281174,0
QLD1,2026-02-13,278,84.68507194244619,79.99,51.04,121.73,144.67,23.79963409946055,0
QLD1,2026-02-18,288,73.41874999999999,59.795,0.0,231.85,348.73,61.437506673165686,4
QLD1,2026-02-20,288,81.90093750000003,88.35,54.123999999999995,112.156,123.57,21.5048917599509,0
QLD1,2026-02-26,288,50.64756944444443,61.41,0.57,87.06549999999994,97.71,28.510798752074425,1
QLD1,2026-03-06,288,82.93041666666669,84.08,55.25,111.85749999999997,134.68,18.28162204749622,0
QLD1,2026-03-09,288,87.01222222222219,87.005,64.0645,110.747,142.2,18.03094267288429,0
QLD1,2026-03-17,234,103.53735042735039,96.82499999999999,53.0685,149.2925,231.7,33.50444331785852,1
QLD1,2026-03-27,192,68.80359374999998,66.07499999999999,-4.0405,118.73,253.38,37.33069029104328,18
QLD1,2026-04-01,32,25.184999999999995,23.71,6.671500000000001,36.5415,60.12,11.765391780557076,0
QLD1,2026-04-02,102,59.880392156862726,57.04,33.236,92.59,105.66,22.358171551813694,0
QLD1,2026-04-29,288,43.83430555555556,59.245,-1.8,73.9275,84.73,30.43998496935262,20
QLD1,2026-04-30,288,50.398159722222196,63.99,0.02,77.73,94.99,26.79973627336118,9
QLD1,2026-05-11,288,69.91076388888887,72.75,36.73,108.72049999999997,117.73,21.765079975982594,0
QLD1,2026-05-14,288,84.48072916666662,73.67,12.3,167.18749999999932,233.01,46.41992804770843,0
QLD1,2026-05-17,288,103.9112152777778,95.305,40.01,177.81,231.7,41.82924417575298,0
QLD1,2026-05-26,288,112.11197916666676,111.11,70.2975,160.85549999999967,231.73,28.322512674688674,0
QLD1,2026-06-02,288,78.36159722222224,81.65,32.925000000000004,132.83,158.92,32.94859599443407,0
QLD1,2026-06-04,288,49.55736111111114,59.1,-2.9,86.73,111.11,31.619925229331074,34
QLD1,2026-06-17,288,57.965173611111126,53.81,39.1775,78.59349999999999,80.73,14.613626416916247,0
QLD1,2026-07-04,288,49.703402777777775,56.644999999999996,-5.0,93.21,101.79,37.377202214258205,61
QLD1,2026-07-05,288,50.232777777777784,65.55,-5.29,90.01,94.51,35.461758274553155,50
QLD1,2026-07-12,288,40.98597222222227,53.75,-5.933,72.5,81.23,29.489527703808225,62
QLD1,2026-07-14,288,52.6384375,58.17,0.01,85.88399999999999,175.11,29.086626305748506,9
QLD1,2026-07-17,288,79.33086805555557,74.015,43.01,117.01799999999997,128.94,23.080771524735372,0
QLD1,2026-07-19,288,46.88215277777779,58.254999999999995,-2.5,79.4165,93.43,30.02923691456551,36
QLD1,2026-07-23,288,59.98274305555555,66.91,28.0235,80.33850000000001,93.42,18.22673520288813,1
QLD1,2026-07-24,288,38.17628472222222,51.585,-5.0,69.04950000000001,78.31,28.72790800510001,64
QLD1,2026-07-28,275,66.93276363636367,67.84,29.85,102.866,119.41,23.51310422254994,0
QLD1,2026-08-01,285,48.860456140350934,57.23,0.0,78.534,85.39,26.159436017895953,11
QLD1,2026-08-02,288,36.0723611111111,46.455,-5.0195,73.463,79.22,28.57593111115715,41
QLD1,2026-08-14,288,64.52940972222218,84.23,-8.0,140.3465,164.83,52.32622007123424,81
QLD1,2026-08-19,254,44.753110236220486,51.45,0.0,78.41,88.88,26.536192625668583,4
