region_id,local_date,observed_intervals,mean_operational_demand_mw,peak_operational_demand_mw
QLD1,2025-09-14,48,5247.791666666667,7078.0
QLD1,2025-09-15,48,5509.6875,7533.0
QLD1,2025-09-16,48,5687.104166666667,7600.0
QLD1,2025-09-17,48,5806.625,7688.0
QLD1,2025-09-18,48,5781.541666666667,7725.0
QLD1,2025-09-19,48,5914.5,7651.0
QLD1,2025-09-20,48,5827.0,6945.0
QLD1,2025-09-21,48,5183.916666666667,7191.0
QLD1,2025-09-22,48,5627.875,7563.0
QLD1,2025-09-23,48,5556.541666666667,7521.0
QLD1,2025-09-24,48,5424.479166666667,7374.0
QLD1,2025-09-25,48,5390.8125,7377.0
QLD1,2025-09-26,48,5397.583333333333,7241.0
QLD1,2025-09-27,48,5125.229166666667,6933.0
QLD1,2025-09-28,48,5245.041666666667,7303.0
QLD1,2025-09-29,48,5811.916666666667,7935.0
QLD1,2025-09-30,48,5793.979166666667,7869.0
QLD1,2025-10-01,48,6224.875,7928.0
QLD1,2025-10-02,48,5922.166666666667,8073.0
QLD1,2025-10-03,48,5476.416666666667,7403.0
QLD1,2025-10-04,48,5138.854166666667,7023.0
QLD1,2025-10-05,48,5072.020833333333,7091.0
QLD1,2025-10-06,48,5303.458333333333,7636.0
QLD1,2025-10-07,48,5855.791666666667,7957.0
QLD1,2025-10-08,48,5924.020833333333,8002.0
QLD1,2025-10-09,48,6036.020833333333,8189.0
QLD1,2025-10-10,48,6093.645833333333,7909.0
QLD1,2025-10-11,48,5754.25,7973.0
QLD1,2025-10-12,48,6080.104166666667,8243.0
QLD1,2025-10-13,48,6499.729166666667,8340.0
QLD1,2025-10-14,48,6129.916666666667,7939.0
QLD1,2025-10-15,48,6128.708333333333,7868.0
QLD1,2025-10-16,48,5822.895833333333,7721.0
QLD1,2025-10-17,48,5742.791666666667,7728.0
QLD1,2025-10-18,48,5659.229166666667,7631.0
QLD1,2025-10-19,48,5561.854166666667,7791.0
QLD1,2025-10-20,48,6054.375,8181.0
QLD1,2025-10-21,48,6054.0,8323.0
QLD1,2025-10-22,48,6125.104166666667,8342.0
QLD1,2025-10-23,48,6633.5,8635.0
QLD1,2025-10-24,48,6542.395833333333,8706.0
QLD1,2025-10-25,48,6045.625,7784.0
QLD1,2025-10-26,48,6235.416666666667,8313.0
QLD1,2025-10-27,48,7135.4375,10113.0
QLD1,2025-10-28,48,6925.5625,7881.0
QLD1,2025-10-29,48,6052.041666666667,7862.0
QLD1,2025-10-30,48,6325.145833333333,8289.0
QLD1,2025-10-31,48,6595.1875,8012.0
QLD1,2025-11-01,48,6147.979166666667,7850.0
QLD1,2025-11-02,48,6086.229166666667,8547.0
QLD1,2025-11-03,48,7013.416666666667,9094.0
QLD1,2025-11-04,48,6636.0625,8434.0
QLD1,2025-11-05,48,5929.4375,8104.0
QLD1,2025-11-06,48,6062.875,8160.0
QLD1,2025-11-07,48,6025.333333333333,7982.0
QLD1,2025-11-08,48,5810.479166666667,8021.0
QLD1,2025-11-09,48,6368.458333333333,7664.0
QLD1,2025-11-10,48,6299.6875,7933.0
QLD1,2025-11-11,48,5865.25,8058.0
QLD1,2025-11-12,48,5866.708333333333,7793.0
QLD1,2025-11-13,48,5961.833333333333,8038.0
QLD1,2025-11-14,48,6643.125,7944.0
QLD1,2025-11-15,48,6108.875,7985.0
QLD1,2025-11-16,48,6505.0,7883.0
QLD1,2025-11-17,48,6385.25,8810.0
QLD1,2025-11-18,48,6205.895833333333,8085.0
QLD1,2025-11-19,48,6233.479166666667,8383.0
QLD1,2025-11-20,48,6315.083333333333,8726.0
QLD1,2025-11-21,48,6627.104166666667,8580.0
QLD1,2025-11-22,48,6358.291666666667,8234.0
QLD1,2025-11-23,48,6376.354166666667,8732.0
QLD1,2025-11-24,48,6988.208333333333,8921.0
QLD1,2025-11-25,48,7103.541666666667,9811.0
QLD1,2025-11-26,48,7407.041666666667,9567.0
QLD1,2025-11-27,48,7497.229166666667,10370.0
QLD1,2025-11-28,48,7308.520833333333,9941.0
QLD1,2025-11-29,48,7332.708333333333,9044.0
QLD1,2025-11-30,48,6792.625,9089.0
QLD1,2025-12-01,48,6623.583333333333,8913.0
QLD1,2025-12-02,48,5885.458333333333,8048.0
QLD1,2025-12-03,48,6035.020833333333,8046.0
QLD1,2025-12-04,48,6197.354166666667,8243.0
QLD1,2025-12-05,48,6201.895833333333,8202.0
QLD1,2025-12-06,48,5989.1875,8257.0
QLD1,2025-12-07,48,6242.395833333333,8782.0
QLD1,2025-12-08,48,6694.604166666667,8767.0
QLD1,2025-12-09,48,6822.833333333333,9327.0
QLD1,2025-12-10,48,6831.8125,9110.0
QLD1,2025-12-11,48,6729.645833333333,8709.0
QLD1,2025-12-12,48,6663.354166666667,8260.0
QLD1,2025-12-13,48,6316.020833333333,8450.0
QLD1,2025-12-14,48,6599.895833333333,8897.0
QLD1,2025-12-15,48,7458.5,9730.0
QLD1,2025-12-16,48,7043.375,8369.0
QLD1,2025-12-17,48,6637.1875,8139.0
QLD1,2025-12-18,48,6378.291666666667,8406.0
QLD1,2025-12-19,48,6577.520833333333,9056.0
QLD1,2025-12-20,48,6595.479166666667,8898.0
QLD1,2025-12-21,48,6690.791666666667,9324.0
QLD1,2025-12-22,48,7700.708333333333,10373.0
QLD1,2025-12-23,48,7761.3125,9248.0
QLD1,2025-12-24,48,7203.125,8448.0
QLD1,2025-12-25,48,6186.208333333333,7684.0
QLD1,2025-12-26,48,6065.125,7608.0
QLD1,2025-12-27,48,5868.625,7298.0
QLD1,2025-12-28,48,5779.25,7305.0
QLD1,2025-12-29,48,5604.145833333333,7496.0
QLD1,2025-12-30,48,5607.8125,7742.0
QLD1,2025-12-31,48,6053.979166666667,8257.0
QLD1,2026-01-01,48,5918.0,7954.0
QLD1,2026-01-02,48,6337.104166666667,7743.0
QLD1,2026-01-03,48,6023.416666666667,7735.0
QLD1,2026-01-04,48,6168.166666666667,7935.0
QLD1,2026-01-05,48,6643.833333333333,8394.0
QLD1,2026-01-06,48,6573.291666666667,8699.0
QLD1,2026-01-07,48,6500.625,8572.0
QLD1,2026-01-08,48,6483.604166666667,8311.0
QLD1,2026-01-09,48,6516.729166666667,8282.0
QLD1,2026-01-10,48,6578.229166666667,8460.0
QLD1,2026-01-11,48,6777.520833333333,8716.0
QLD1,2026-01-12,48,6926.666666666667,8066.0
QLD1,2026-01-13,48,6807.9375,8583.0
QLD1,2026-01-14,48,6694.375,8848.0
QLD1,2026-01-15,48,6874.75,8884.0
QLD1,2026-01-16,48,7356.333333333333,9426.0
QLD1,2026-01-17,48,7302.1875,9341.0
QLD1,2026-01-18,48,6795.541666666667,8327.0
QLD1,2026-01-19,48,6645.333333333333,8280.0
QLD1,2026-01-20,48,6350.895833333333,8088.0
QLD1,2026-01-21,48,6440.104166666667,8341.0
QLD1,2026-01-22,48,7014.291666666667,9518.0
QLD1,2026-01-23,48,7180.229166666667,8348.0
QLD1,2026-01-24,48,6587.791666666667,8324.0
QLD1,2026-01-25,48,6917.854166666667,9379.0
QLD1,2026-01-26,48,7297.770833333333,10383.0
QLD1,2026-01-27,48,7546.041666666667,8780.0
QLD1,2026-01-28,48,6785.458333333333,8862.0
QLD1,2026-01-29,48,6679.875,8824.0
QLD1,2026-01-30,48,6831.229166666667,8308.0
QLD1,2026-01-31,48,6443.645833333333,8547.0
QLD1,2026-02-01,48,6763.354166666667,9636.0
QLD1,2026-02-02,48,7432.6875,8904.0
QLD1,2026-02-03,48,6615.3125,7998.0
QLD1,2026-02-04,48,6521.25,8273.0
QLD1,2026-02-05,48,6543.25,8801.0
QLD1,2026-02-06,48,6643.729166666667,8595.0
QLD1,2026-02-07,48,6261.541666666667,8274.0
QLD1,2026-02-08,48,6338.833333333333,8746.0
QLD1,2026-02-09,48,7023.458333333333,9221.0
QLD1,2026-02-10,48,7417.9375,9544.0
QLD1,2026-02-11,48,7529.5625,9875.0
QLD1,2026-02-12,48,7735.25,10504.0
QLD1,2026-02-13,48,7386.979166666667,8184.0
QLD1,2026-02-14,48,6484.375,7469.0
QLD1,2026-02-15,48,6422.166666666667,7578.0
QLD1,2026-02-16,48,6335.916666666667,7925.0
QLD1,2026-02-17,48,6221.520833333333,8140.0
QLD1,2026-02-18,48,6497.395833333333,8852.0
QLD1,2026-02-19,48,7037.916666666667,9455.0
QLD1,2026-02-20,48,6865.5,8658.0
QLD1,2026-02-21,48,6196.416666666667,8309.0
QLD1,2026-02-22,48,6337.270833333333,8495.0
QLD1,2026-02-23,48,6940.854166666667,9001.0
QLD1,2026-02-24,48,6937.854166666667,8705.0
QLD1,2026-02-25,48,6820.479166666667,8828.0
QLD1,2026-02-26,48,6807.583333333333,8598.0
QLD1,2026-02-27,48,6820.020833333333,8117.0
QLD1,2026-02-28,48,6042.020833333333,7839.0
QLD1,2026-03-01,48,6168.6875,8094.0
QLD1,2026-03-02,48,6474.791666666667,8292.0
QLD1,2026-03-03,48,6365.520833333333,8341.0
QLD1,2026-03-04,48,6540.333333333333,8532.0
QLD1,2026-03-05,48,6745.0,8604.0
QLD1,2026-03-06,48,7101.791666666667,8780.0
QLD1,2026-03-07,48,6855.458333333333,8210.0
QLD1,2026-03-08,48,6838.520833333333,7955.0
QLD1,2026-03-09,48,7036.479166666667,8067.0
QLD1,2026-03-10,48,6437.645833333333,8323.0
QLD1,2026-03-11,48,6403.1875,8395.0
QLD1,2026-03-12,48,6645.791666666667,9263.0
QLD1,2026-03-13,48,6990.229166666667,8415.0
QLD1,2026-03-14,48,6001.541666666667,7491.0
QLD1,2026-03-15,48,5970.041666666667,7697.0
QLD1,2026-03-16,48,6428.625,8153.0
QLD1,2026-03-17,48,6415.0,8188.0
QLD1,2026-03-18,48,6515.854166666667,8189.0
QLD1,2026-03-19,48,6694.5625,7996.0
QLD1,2026-03-20,48,6366.5625,7894.0
QLD1,2026-03-21,48,6074.791666666667,7813.0
QLD1,2026-03-22,48,6077.291666666667,7902.0
QLD1,2026-03-23,48,6497.125,8341.0
QLD1,2026-03-24,48,6496.458333333333,8294.0
QLD1,2026-03-25,48,6495.8125,8617.0
QLD1,2026-03-26,48,6837.875,9224.0
QLD1,2026-03-27,48,6390.0625,7950.0
QLD1,2026-03-28,48,5382.729166666667,7310.0
QLD1,2026-03-29,48,5563.833333333333,7605.0
QLD1,2026-03-30,48,6179.854166666667,8042.0
QLD1,2026-03-31,48,6456.333333333333,7964.0
QLD1,2026-04-01,48,6381.354166666667,8075.0
QLD1,2026-04-02,48,6357.583333333333,7849.0
QLD1,2026-04-03,48,5883.3125,7336.0
QLD1,2026-04-04,48,5652.666666666667,7283.0
QLD1,2026-04-05,48,5699.3125,7244.0
QLD1,2026-04-06,48,5671.75,7607.0
QLD1,2026-04-07,48,6107.583333333333,8143.0
QLD1,2026-04-08,48,6429.854166666667,8576.0
QLD1,2026-04-09,48,6482.333333333333,8431.0
QLD1,2026-04-10,48,6362.958333333333,8101.0
QLD1,2026-04-11,48,6033.729166666667,8113.0
QLD1,2026-04-12,48,5711.875,7804.0
QLD1,2026-04-13,48,5885.875,7935.0
QLD1,2026-04-14,48,6230.270833333333,7782.0
QLD1,2026-04-15,48,6246.5,7940.0
QLD1,2026-04-16,48,6282.958333333333,8110.0
QLD1,2026-04-17,48,6381.5,8114.0
QLD1,2026-04-18,48,5882.791666666667,7634.0
QLD1,2026-04-19,48,5730.333333333333,7704.0
QLD1,2026-04-20,48,6115.875,7890.0
QLD1,2026-04-21,48,5952.583333333333,7768.0
QLD1,2026-04-22,48,6051.416666666667,7718.0
QLD1,2026-04-23,48,6047.4375,7695.0
QLD1,2026-04-24,48,6127.395833333333,7472.0
QLD1,2026-04-25,48,5922.625,7148.0
QLD1,2026-04-26,48,5766.208333333333,7438.0
QLD1,2026-04-27,48,6188.458333333333,7816.0
QLD1,2026-04-28,48,6181.708333333333,7806.0
QLD1,2026-04-29,48,6155.854166666667,7830.0
QLD1,2026-04-30,48,6360.395833333333,7902.0
QLD1,2026-05-01,48,6240.958333333333,7690.0
QLD1,2026-05-02,48,5932.270833333333,7323.0
QLD1,2026-05-03,48,5661.3125,7319.0
QLD1,2026-05-04,48,5793.875,7655.0
QLD1,2026-05-05,48,6233.458333333333,7820.0
QLD1,2026-05-06,48,6353.645833333333,7748.0
QLD1,2026-05-07,48,6175.729166666667,7744.0
QLD1,2026-05-08,48,5788.854166666667,7441.0
QLD1,2026-05-09,48,5608.854166666667,7135.0
QLD1,2026-05-10,48,5811.0,7294.0
QLD1,2026-05-11,48,6227.645833333333,7814.0
QLD1,2026-05-12,48,6205.5625,7716.0
QLD1,2026-05-13,48,6202.791666666667,7707.0
QLD1,2026-05-14,48,6273.520833333333,7709.0
QLD1,2026-05-15,48,6044.958333333333,7459.0
QLD1,2026-05-16,48,5813.854166666667,7235.0
QLD1,2026-05-17,48,5852.395833333333,7446.0
QLD1,2026-05-18,48,6722.708333333333,8071.0
QLD1,2026-05-19,48,6704.291666666667,7889.0
QLD1,2026-05-20,48,5910.333333333333,7583.0
QLD1,2026-05-21,48,5752.979166666667,7305.0
QLD1,2026-05-22,48,5694.520833333333,7157.0
QLD1,2026-05-23,48,5411.1875,6830.0
QLD1,2026-05-24,48,5571.041666666667,7179.0
QLD1,2026-05-25,48,5990.041666666667,7516.0
QLD1,2026-05-26,48,6213.8125,7541.0
QLD1,2026-05-27,48,6395.270833333333,7650.0
QLD1,2026-05-28,48,6326.583333333333,7656.0
QLD1,2026-05-29,48,5987.104166666667,7373.0
QLD1,2026-05-30,48,5402.916666666667,7012.0
QLD1,2026-05-31,48,5439.041666666667,7250.0
QLD1,2026-06-01,48,5770.0,7645.0
QLD1,2026-06-02,48,5877.625,7554.0
QLD1,2026-06-03,48,5855.125,7548.0
QLD1,2026-06-04,48,5951.270833333333,7710.0
QLD1,2026-06-05,48,5960.75,7680.0
QLD1,2026-06-06,48,5670.208333333333,7321.0
QLD1,2026-06-07,48,5837.333333333333,7565.0
QLD1,2026-06-08,48,6208.916666666667,7867.0
QLD1,2026-06-09,48,6427.9375,7918.0
QLD1,2026-06-10,48,6612.5,8024.0
QLD1,2026-06-11,48,6527.8125,7844.0
QLD1,2026-06-12,48,6208.833333333333,7641.0
QLD1,2026-06-13,48,5825.520833333333,7201.0
QLD1,2026-06-14,48,5742.583333333333,7434.0
QLD1,2026-06-15,48,6202.625,7802.0
QLD1,2026-06-16,48,6138.395833333333,7705.0
QLD1,2026-06-17,48,6219.770833333333,7674.0
QLD1,2026-06-18,48,6374.020833333333,7755.0
QLD1,2026-06-19,48,6001.104166666667,7506.0
QLD1,2026-06-20,48,5672.416666666667,7170.0
QLD1,2026-06-21,48,5877.791666666667,7466.0
QLD1,2026-06-22,48,6064.229166666667,7741.0
QLD1,2026-06-23,48,6078.833333333333,7820.0
QLD1,2026-06-24,48,6159.1875,7767.0
QLD1,2026-06-25,48,6355.875,7826.0
QLD1,2026-06-26,48,6466.041666666667,7827.0
QLD1,2026-06-27,48,5949.770833333333,7384.0
QLD1,2026-06-28,48,6045.604166666667,7642.0
QLD1,2026-06-29,48,6332.104166666667,7907.0
QLD1,2026-06-30,48,6472.958333333333,7889.0
QLD1,2026-07-01,48,6131.270833333333,7723.0
QLD1,2026-07-02,48,6297.854166666667,7653.0
QLD1,2026-07-03,48,6019.75,7404.0
QLD1,2026-07-04,48,5640.0625,7129.0
QLD1,2026-07-05,48,5770.083333333333,7478.0
QLD1,2026-07-06,48,6225.791666666667,7848.0
QLD1,2026-07-07,48,6153.916666666667,7804.0
QLD1,2026-07-08,48,6220.333333333333,7821.0
QLD1,2026-07-09,48,6189.6875,7754.0
QLD1,2026-07-10,48,6432.395833333333,7756.0
QLD1,2026-07-11,48,5850.520833333333,7343.0
QLD1,2026-07-12,48,5772.4375,7452.0
QLD1,2026-07-13,48,6099.270833333333,7869.0
QLD1,2026-07-14,48,6176.8125,7872.0
QLD1,2026-07-15,48,6288.104166666667,8109.0
QLD1,2026-07-16,48,6302.9375,7986.0
QLD1,2026-07-17,48,6409.875,7709.0
QLD1,2026-07-18,48,5735.291666666667,7181.0
QLD1,2026-07-19,48,5758.5625,7380.0
QLD1,2026-07-20,48,6137.0,7780.0
QLD1,2026-07-21,48,6310.8125,7846.0
QLD1,2026-07-22,48,6268.5625,7657.0
QLD1,2026-07-23,48,6127.354166666667,7635.0
QLD1,2026-07-24,48,5889.666666666667,7374.0
QLD1,2026-07-25,48,5597.916666666667,7197.0
QLD1,2026-07-26,48,5749.041666666667,7583.0
QLD1,2026-07-27,48,6133.979166666667,7758.0
QLD1,2026-07-28,48,6127.479166666667,7684.0
QLD1,2026-07-29,48,5936.8125,7548.0
QLD1,2026-07-30,48,6033.145833333333,7743.0
QLD1,2026-07-31,48,6120.666666666667,7509.0
QLD1,2026-08-01,48,5859.708333333333,7259.0
QLD1,2026-08-02,48,5750.1875,7453.0
QLD1,2026-08-03,48,6036.708333333333,7798.0
QLD1,2026-08-04,48,5994.5,7792.0
QLD1,2026-08-05,48,5969.895833333333,7681.0
QLD1,2026-08-06,48,6221.770833333333,7708.0
QLD1,2026-08-07,48,5978.208333333333,7444.0
QLD1,2026-08-08,48,5624.604166666667,7162.0
QLD1,2026-08-09,48,5683.208333333333,7445.0
QLD1,2026-08-10,48,6302.25,7988.0
QLD1,2026-08-11,48,5843.479166666667,7650.0
QLD1,2026-08-12,48,6037.625,7670.0
QLD1,2026-08-13,48,5845.3125,7619.0
QLD1,2026-08-14,48,5828.145833333333,7259.0
QLD1,2026-08-15,48,5621.375,6986.0
QLD1,2026-08-16,48,5523.4375,7256.0
QLD1,2026-08-17,48,6019.979166666667,7825.0
QLD1,2026-08-18,48,6152.583333333333,7862.0
QLD1,2026-08-19,48,5889.041666666667,7654.0
QLD1,2026-08-20,48,6078.666666666667,7665.0
QLD1,2026-08-21,48,5747.1875,7290.0
QLD1,2026-08-22,48,6010.4375,7196.0
QLD1,2026-08-23,48,5467.854166666667,7302.0
QLD1,2026-08-24,48,6031.104166666667,7657.0
QLD1,2026-08-25,48,5921.6875,7591.0
QLD1,2026-08-26,48,6173.541666666667,7564.0
QLD1,2026-08-27,48,5854.395833333333,7516.0
QLD1,2026-08-28,48,5714.270833333333,7269.0
QLD1,2026-08-29,48,5451.833333333333,6935.0
QLD1,2026-08-30,48,5488.645833333333,7200.0
QLD1,2026-08-31,48,5869.375,7597.0
QLD1,2026-09-01,48,5823.895833333333,7431.0
QLD1,2026-09-02,48,5573.979166666667,7374.0
QLD1,2026-09-03,48,5575.583333333333,7475.0
QLD1,2026-09-04,48,5639.166666666667,7214.0
QLD1,2026-09-05,48,5250.979166666667,6910.0
QLD1,2026-09-06,48,5352.3125,7344.0
QLD1,2026-09-07,48,5675.958333333333,7631.0
QLD1,2026-09-08,48,5798.625,7542.0
QLD1,2026-09-09,48,5694.270833333333,7458.0
QLD1,2026-09-10,48,6027.1875,7512.0
QLD1,2026-09-11,48,5829.375,7185.0
QLD1,2026-09-12,48,5398.291666666667,6862.0
