region_id,day_of_week,local_hour,observed_intervals,mean_price_aud_per_mwh,median_price_aud_per_mwh,p95_price_aud_per_mwh
QLD1,0,7,587,23.214173764906306,6.83,80.83
QLD1,0,8,584,12.521232876712348,0.01,64.89450000000001
QLD1,0,13,612,11.321356209150332,-2.5,67.11
QLD1,0,19,588,97.76965986394578,85.21000000000001,160.57099999999997
QLD1,2,2,588,73.97988095238112,70.77,104.91549999999997
QLD1,2,10,582,18.622353951890037,9.375,88.31
QLD1,2,18,588,112.83690476190505,107.97,176.74599999999992
QLD1,3,7,565,48.17925663716815,52.83,120.88599999999995
QLD1,3,8,550,24.928709090909095,12.3,76.63
QLD1,3,13,559,24.052772808586734,13.99,88.45200000000004
QLD1,3,19,593,114.60659359190595,105.49,184.22199999999987
QLD1,5,3,601,74.36214642262907,72.75,123.95
QLD1,5,6,612,72.96678104575173,76.75,137.2269999999996
QLD1,5,12,579,18.278721934369624,12.2,67.28200000000001
QLD1,5,20,621,88.88568438003242,84.23,134.0
QLD1,6,0,607,77.73413509060978,75.95,106.27799999999998
QLD1,6,11,600,5.5204666666666595,-2.73,69.14199999999997
QLD1,6,15,598,35.75381270903008,35.73,98.4635
QLD1,6,16,594,67.25856902356912,70.76,113.02200000000006
QLD1,6,22,600,80.89245000000018,78.31,115.55899999999998
QLD1,1,7,582,45.96900343642608,44.285,119.99
QLD1,1,8,600,28.77248333333328,26.63,80.46199999999999
QLD1,1,13,609,30.27898193760258,22.73,98.73200000000007
QLD1,1,19,575,105.30572173913053,98.81,148.86
QLD1,2,1,588,77.83379251700705,73.98,122.73
QLD1,2,21,595,95.45788235294131,86.52,147.35
QLD1,4,7,577,43.62705372616987,34.37,144.70999999999995
QLD1,4,8,578,23.634550173010407,9.965,96.71899999999988
QLD1,4,13,597,21.755644891122284,0.99,82.35
QLD1,4,19,607,126.86570016474492,104.55,169.779
QLD1,5,5,612,85.98318627450998,81.105,138.1069999999999
QLD1,5,9,583,20.5173241852487,14.08,71.04999999999995
QLD1,5,14,591,24.68130287648052,16.08,74.02
QLD1,5,17,582,103.34773195876316,98.73,183.39299999999992
QLD1,6,4,612,73.37622549019626,72.63499999999999,113.05949999999994
QLD1,6,23,600,79.30096666666685,76.195,121.73
QLD1,0,3,598,68.97095317725775,67.03,99.54249999999999
QLD1,0,6,599,49.00353923205345,54.91,101.84700000000001
QLD1,0,12,616,7.559383116883115,-3.0,67.0
QLD1,0,20,568,89.8817253521129,79.97,146.80399999999997
QLD1,1,5,582,79.56228522336788,72.875,144.5
QLD1,1,9,575,23.92605217391302,21.67,84.39799999999997
QLD1,1,14,613,36.164306688417575,37.13,109.02199999999971
QLD1,1,17,583,117.60687821612372,102.87,239.73
QLD1,2,0,588,80.72319727891178,77.73,122.1924999999999
QLD1,2,11,601,21.542113144758737,12.04,92.73
QLD1,2,15,569,50.814428822495614,51.06,130.51200000000009
QLD1,2,16,582,80.38515463917545,78.38,146.87749999999983
QLD1,2,22,596,91.06013422818815,82.73,146.06
QLD1,3,3,588,71.29647959183693,70.16499999999999,98.73
QLD1,3,6,577,74.31980935875221,76.83,147.6919999999999
QLD1,3,12,581,18.727607573149708,1.35,80.14
QLD1,3,20,586,106.11167235494901,101.82,151.4975
QLD1,4,5,591,88.879204737733,82.3,154.76999999999998
QLD1,4,9,580,17.715155172413784,0.025,90.08599999999998
QLD1,4,14,601,29.972179700499147,23.86,95.63
QLD1,4,17,599,115.87150250417383,104.31,231.8
QLD1,5,7,590,44.63344067796612,50.59,113.53
QLD1,5,8,577,27.945320623916814,26.63,87.12799999999993
QLD1,5,13,597,19.587721943048564,7.07,70.5
QLD1,5,19,605,92.10350413223168,90.52,136.55599999999993
QLD1,6,2,607,71.61790774299845,69.9,96.41899999999995
QLD1,6,10,605,4.961256198347111,-2.65,60.14399999999996
QLD1,6,18,604,93.09288079470227,86.765,133.3385
QLD1,0,1,600,70.60606666666689,67.75,111.314
QLD1,0,21,570,87.05180701754412,79.83,139.8575
QLD1,1,2,577,69.66062391681122,64.93,103.39399999999998
QLD1,1,10,581,16.87919104991395,5.3,68.75
QLD1,1,18,578,115.23380622837401,104.03,200.0
QLD1,3,1,586,74.83225255972715,72.5,105.47
QLD1,3,21,594,98.73503367003383,97.03999999999999,144.55650000000003
QLD1,4,2,587,78.45572402044309,76.95,113.41699999999999
QLD1,4,10,571,13.08397548161119,0.0,82.43
QLD1,4,18,600,173.09275000000008,115.785,235.5
QLD1,5,4,612,81.73676470588238,77.53,135.57549999999998
QLD1,5,23,616,82.7956168831171,78.83,136.5725
QLD1,6,5,602,72.65318936877094,74.17,110.69049999999966
QLD1,6,9,597,6.120887772194316,0.0,57.55
QLD1,6,14,600,20.076116666666685,0.0,93.32499999999999
QLD1,6,17,613,91.35887438825483,85.83,141.73
QLD1,0,4,600,70.41666666666674,68.59,97.85949999999997
QLD1,0,23,576,77.28803819444464,72.66499999999999,128.16
QLD1,1,0,576,76.54255208333353,72.5,122.83
QLD1,1,11,597,20.873852596314915,13.02,78.47599999999991
QLD1,1,15,596,54.068708053691324,50.0,176.9325
QLD1,1,16,575,84.26415652173932,80.83,175.80399999999992
QLD1,1,22,577,91.12461005199336,81.83,143.3419999999999
QLD1,2,5,594,88.16328282828303,79.97,143.537
QLD1,2,9,586,24.452064846416363,21.65,88.73
QLD1,2,14,561,33.60069518716581,24.8,115.05
QLD1,2,17,586,112.11672354948834,104.995,199.13
QLD1,3,4,588,76.21129251700701,72.875,111.26649999999998
QLD1,3,23,592,85.95055743243253,82.73,123.804
QLD1,4,0,598,81.94311036789315,80.92,116.251
QLD1,4,11,593,14.304671163575026,0.0,79.71599999999995
QLD1,4,15,598,55.34854515050171,52.75,146.02899999999977
QLD1,4,16,605,83.99788429752074,79.96,160.63
QLD1,4,22,612,90.50933006535979,83.83,137.24449999999962
QLD1,5,1,605,75.02783471074385,75.75,117.71000000000001
QLD1,5,21,623,85.68052969502425,80.01,128.05799999999994
QLD1,0,0,601,75.4504658901832,74.4,105.95
QLD1,0,11,619,5.808109854604199,-3.01,63.98300000000002
QLD1,0,15,607,37.4652883031301,37.3,101.48399999999995
QLD1,0,16,610,68.49450819672151,68.56,121.99
QLD1,0,22,576,86.72402777777795,78.54,136.01250000000002
QLD1,1,4,581,74.70808950086077,71.69,138.37
QLD1,1,23,576,85.89300347222235,78.83,133.85000000000002
QLD1,2,3,591,74.34228426395957,71.75,120.0
QLD1,2,6,586,74.4698634812288,79.065,139.70499999999998
QLD1,2,12,587,24.3558943781942,13.26,101.82899999999997
QLD1,2,20,604,97.47392384105972,93.21,144.42800000000003
QLD1,3,0,588,79.76035714285729,75.975,120.53199999999998
QLD1,3,11,591,16.63981387478851,0.71,82.78
QLD1,3,15,585,49.51495726495721,53.75,133.26399999999992
QLD1,3,16,585,83.46690598290613,82.46,149.43399999999997
QLD1,3,22,593,93.43296795952801,90.39,132.83
QLD1,4,4,597,83.76376884422126,78.52,140.58399999999997
QLD1,4,23,612,82.78549019607858,78.625,129.47249999999997
QLD1,5,2,602,73.30074750830572,70.975,115.66749999999995
QLD1,5,10,577,13.63774696707107,0.82,63.10999999999998
QLD1,5,18,623,103.57812199036958,97.73,171.5
QLD1,6,7,571,26.23835376532399,18.04,92.125
QLD1,6,8,594,10.947693602693631,0.72,61.69650000000001
QLD1,6,13,603,10.445721393034848,-2.5,67.43199999999993
QLD1,6,19,607,86.13599670510722,80.75,129.20899999999997
QLD1,0,5,600,66.18381666666674,66.56,97.86249999999997
QLD1,0,9,574,7.580783972125448,-1.31,54.840500000000006
QLD1,0,14,615,19.930000000000007,0.0,79.07299999999996
QLD1,0,17,582,98.37178694158092,88.91499999999999,177.81
QLD1,1,3,576,69.78475694444465,63.83,120.9375
QLD1,1,6,588,66.3265816326531,67.685,123.88
QLD1,1,12,605,26.170429752066106,19.53,82.198
QLD1,1,20,576,101.27112847222241,93.88499999999999,166.49
QLD1,2,4,601,79.39367720465907,76.25,123.95
QLD1,2,23,588,86.29071428571446,78.83,134.0
QLD1,3,5,583,82.73361921097775,78.83,127.37399999999995
QLD1,3,9,549,15.598706739526426,0.73,67.75
QLD1,3,14,574,30.592665505226442,35.765,84.062
QLD1,3,17,596,119.21464765100683,109.88,219.5025
QLD1,4,3,587,78.25667802385016,76.95,110.92999999999984
QLD1,4,6,593,74.32605396290059,73.95,189.06599999999997
QLD1,4,12,599,16.64343906510853,0.05,84.99
QLD1,4,20,601,101.23529118136457,98.73,146.44
QLD1,6,1,612,73.94707516339902,72.695,104.53849999999996
QLD1,6,21,605,79.38039669421512,76.75,118.53799999999994
QLD1,0,2,594,69.19728956228971,67.11,99.77650000000011
QLD1,0,10,588,4.273469387755099,-3.21,54.99
QLD1,0,18,597,106.26318257956486,90.66,227.4079999999996
QLD1,1,1,579,71.57120898100193,66.98,114.77000000000011
QLD1,1,21,578,92.76432525951597,88.16499999999999,134.40499999999997
QLD1,2,7,577,51.70462738301557,52.75,136.86199999999997
QLD1,2,8,580,32.14412068965512,26.159999999999997,113.61099999999993
QLD1,2,13,573,25.949354275741744,12.04,104.58399999999997
QLD1,2,19,598,103.71349498327791,98.73,152.11499999999998
QLD1,3,2,584,71.64320205479476,69.025,101.3785
QLD1,3,10,574,14.062648083623706,0.73,71.7295
QLD1,3,18,593,127.83986509274902,119.2,239.73
QLD1,4,1,583,79.81936535162959,78.83,115.02
QLD1,4,21,603,95.75489220563868,90.52,143.56799999999998
QLD1,5,0,606,79.3178712871288,78.54,122.7975
QLD1,5,11,587,15.701942078364585,2.0,64.54299999999995
QLD1,5,15,584,38.890342465753406,39.75,98.11350000000004
QLD1,5,16,602,73.11681063122937,73.82,144.05899999999934
QLD1,5,22,619,86.71702746365123,82.5,144.63500000000002
QLD1,6,3,611,69.90070376432101,67.2,97.565
QLD1,6,6,607,52.68031301482705,62.73,101.45
QLD1,6,12,595,5.813109243697479,-3.0,65.45299999999992
QLD1,6,20,605,81.567272727273,78.69,122.73799999999999
