date,original_aud,alternative_aud,reduction_aud
2026-06-14,4.143542,3.5522,0.591342
2026-06-15,4.037792,3.599975,0.437817
2026-06-16,3.561567,3.170242,0.391325
2026-06-17,3.93425,3.614567,0.319683
2026-06-18,4.486,4.166383,0.319617
2026-06-19,2.775929,2.011458,0.764471
2026-06-20,4.308854,3.89445,0.414404
2026-06-22,4.494004,3.423083,1.070921
2026-06-23,4.917117,3.823433,1.093683
2026-06-24,7.316079,5.730754,1.585325
2026-06-25,7.082813,5.872092,1.210721
2026-06-26,8.391792,7.681188,0.710604
2026-06-27,6.279696,5.835804,0.443892
2026-06-28,5.008513,4.586862,0.42165
2026-06-29,4.785833,3.891233,0.8946
2026-06-30,8.619504,8.036671,0.582833
2026-07-01,5.836188,5.535871,0.300317
2026-07-03,3.400554,2.76545,0.635104
2026-07-04,2.639275,1.745413,0.893863
2026-07-05,2.774538,1.878933,0.895604
2026-07-06,4.842092,4.303808,0.538283
2026-07-07,4.505646,3.558633,0.947013
2026-07-08,5.245938,4.544604,0.701333
2026-07-09,6.180371,5.430288,0.750083
2026-07-11,3.800342,3.183367,0.616975
2026-07-12,2.11975,1.441213,0.678538
2026-07-14,2.925496,2.307096,0.6184
2026-07-16,3.619221,2.787733,0.831487
2026-07-17,5.763,5.269233,0.493767
2026-07-18,2.571554,1.739108,0.832446
2026-07-19,2.65835,1.858133,0.800217
2026-07-20,4.272554,3.67825,0.594304
2026-07-21,5.364113,4.832567,0.531546
2026-07-22,5.135058,4.747338,0.387721
2026-07-23,3.798117,3.398287,0.399829
2026-07-24,2.035004,1.309542,0.725463
2026-07-25,1.905983,1.185979,0.720004
2026-07-26,3.222125,2.252196,0.969929
2026-07-29,3.28205,2.242896,1.039154
2026-07-30,3.9269,2.693333,1.233567
2026-07-31,4.623071,3.696258,0.926813
2026-08-02,2.230254,1.516442,0.713812
2026-08-04,3.417721,2.367188,1.050533
2026-08-06,6.312183,5.711333,0.60085
2026-08-07,3.775658,2.660296,1.115363
2026-08-08,2.770092,1.783342,0.98675
2026-08-09,3.460504,2.950963,0.509542
2026-08-11,2.371642,1.49815,0.873492
2026-08-12,4.69575,4.241008,0.454742
2026-08-13,2.627892,1.623117,1.004775
2026-08-14,3.757708,2.352417,1.405292
2026-08-15,2.958721,2.146117,0.812604
2026-08-16,2.606929,1.88825,0.718679
2026-08-17,3.276071,2.799162,0.476908
2026-08-18,2.679979,2.165071,0.514908
2026-08-20,2.775663,2.012246,0.763417
2026-08-21,2.264288,1.47715,0.787138
2026-08-22,4.837696,4.513629,0.324067
2026-08-23,1.868075,1.137942,0.730133
2026-08-24,3.467454,2.789208,0.678246
2026-08-25,6.162242,5.421246,0.740996
2026-08-26,4.929433,4.754229,0.175204
2026-08-27,4.335467,3.340421,0.995046
2026-08-28,2.848075,1.955142,0.892933
2026-08-29,2.201829,1.498208,0.703621
2026-08-30,2.367604,1.526496,0.841108
2026-08-31,3.038542,2.172738,0.865804
2026-09-01,2.238883,1.551033,0.68785
2026-09-02,2.300275,1.483279,0.816996
2026-09-05,1.794188,1.042038,0.75215
2026-09-06,1.864096,0.892308,0.971787
2026-09-07,3.220517,2.229354,0.991163
2026-09-08,4.078025,3.235242,0.842783
2026-09-09,3.537992,2.744096,0.793896
2026-09-11,4.075692,3.677496,0.398196
